"","GenoID_RAD","Tag_Date","Tag_ID","Length","Weight","Fin_Clip_Number","Comment","Tank","Treatment","collector","Smolt_Assessment","SA_date","FL","WT","SI_text","SI_code","Tank.1","Tech","SWC_PIT","SWC_mort_14_day","Mort_Date","SWC_Tank","SWC_FL","X48_hr_SWC_mort"
"1228","L15_84","12/8/20","3D6.1D59585AE2",72,4.1,1583,NA,7,"LC","jeff","3D6.1D59585AE2",NA,NA,NA,NA,NA,NA,NA,NA,0,NA,NA,NA,NA
"1229","L15_92","12/8/20","3D6.1D5958B037",76,4.9,1584,NA,7,"LC","jeff","3D6.1D5958B037","4/20/21",155,12,"Parr",1,7,"JA","3D6.1D5958B037",1,"5/4/21",34,98,1
"1230","L15_5","12/8/20","3D6.1D5958514B",116,17.4,1585,NA,7,"LC","jeff","3D6.1D5958514B","4/20/21",192,76.2,"Transitional",2,7,"JA",NA,0,NA,NA,NA,NA
"1232","L15_21","12/8/20","3D6.1D5958910E",103,12.1,1587,NA,7,"LC","jeff","3D6.1D5958910E","4/20/21",175,62.7,"Transitional",2,7,"AM",NA,0,NA,NA,NA,NA
"1234","L15_37","12/8/20","3D6.1D5959143B",86,7.2,1589,NA,7,"LC","jeff","3D6.1D5959143B","4/20/21",164,48.3,"Transitional",2,7,"JA","3D6.1D5959143B",1,"5/6/21",34,159,0
"1235","L15_45","12/8/20","3D6.1D5958AE13",96,9.5,1590,NA,7,"LC","jeff","3D6.1D5958AE13","4/20/21",168,54.4,"Transitional",2,7,"JA","3D6.1D5958AE13",1,"5/7/21",34,170,0
"1236","L15_53","12/8/20","3D6.1D5958B1BA",84,7.4,1591,NA,7,"LC","jeff","3D6.1D5958B1BA","4/20/21",159,48.9,"Transitional",2,7,"JA","3D6.1D5958B1BA",1,"5/5/21",35,160,1
"1238","L15_69","12/8/20","3D6.1D595931C5",87,7.3,1593,NA,7,"LC","jeff","3D6.1D595931C5","4/20/21",168,56.1,"Transitional",2,7,"AM",NA,0,NA,NA,NA,NA
"1239","L15_77","12/8/20","3D6.1D5958AD91",105,12.7,1594,NA,7,"LC","jeff","3D6.1D5958AD91","4/20/21",190,70.4,"Transitional",2,7,"AM",NA,0,NA,NA,NA,NA
"1241","L15_93","12/8/20","3D6.1D59591B7F",117,16.6,1596,NA,7,"LC","jeff","3D6.1D59591B7F","4/20/21",215,104.2,"Smolt",3,7,"JA",NA,0,NA,NA,NA,NA
"1243","L15_22","12/8/20","3D6.1D59586727",109,14.9,1599,NA,7,"LC","jeff","3D6.1D59586727","4/20/21",187,74.2,"Transitional",2,7,"AM","3D6.1D59586727",1,"5/12/21",35,193,0
"1244","L15_30","12/8/20","3D6.1D59586B0A",108,13.5,1600,NA,7,"LC","jeff","3D6.1D59586B0A","4/20/21",187,75.2,"Transitional",2,7,"JA","3D6.1D59586B0A",1,"5/7/21",35,183,0
"1247","L15_70","12/8/20","3D6.1D5958A886",64,3.1,1605,NA,7,"LC","jeff","3D6.1D5958A886","4/20/21",75,5.2,"Parr",1,7,"AM","3D6.1D5958A886",1,"5/4/21",34,73,1
"1248","L15_78","12/8/20","3D6.1D594D8443",111,15.1,1606,NA,7,"LC","jeff","3D6.1D594D8443","4/20/21",196,82.2,"Transitional",2,7,"JA","3D6.1D594D8443",1,"5/10/21",35,180,0
"1249","L15_94","12/8/20","3D6.1D5958A8F1",90,7.8,1608,NA,7,"LC","jeff","3D6.1D5958A8F1","4/20/21",162,50.1,"Transitional",2,7,"JA","3D6.1D5958A8F1",1,"5/10/21",35,163,0
"1250","L15_7","12/8/20","3D6.1D59591719",115,17.3,1609,NA,7,"LC","jeff","3D6.1D59591719",NA,NA,NA,NA,NA,NA,NA,NA,0,NA,NA,NA,NA
"1253","L15_47","12/8/20","3D6.1D59589F37",98,11.4,1614,NA,7,"LC","jeff","3D6.1D59589F37","4/20/21",169,54.8,"Transitional",2,7,"JA",NA,0,NA,NA,NA,NA
"1255","L15_63","12/8/20","3D6.1D594D838A",100,10.7,1616,NA,7,"LC","jeff","3D6.1D594D838A","4/20/21",194,80,"Transitional",2,7,"JA",NA,0,NA,NA,NA,NA
"1256","L15_79","12/9/20","3D6.1D5958A979",125,24.2,1618,NA,12,"LW","chris","3D6.1D5958A979","4/19/21",221,122.2,"Smolt",3,12,"AM",NA,0,NA,NA,NA,NA
"1257","L15_87","12/9/20","3D6.1D5958A69E",113,15.5,1619,NA,12,"LW","chris","3D6.1D5958A69E","4/19/21",202,87.5,"Smolt",3,12,"AM",NA,0,NA,NA,NA,NA
"1258","L15_16","12/9/20","3D6.1D595913E1",118,18.5,1622,NA,12,"LW","chris","3D6.1D595913E1","4/19/21",202,97,"Smolt",3,12,"AM","3D6.1D595913E1",1,"5/10/21",35,194,0
"1259","L15_24","12/9/20","3D6.1D595874CC",126,20.6,1623,NA,12,"LW","chris","3D6.1D595874CC","4/19/21",206,91,"Smolt",3,12,"AM",NA,0,NA,NA,NA,NA
"1260","L15_40","12/9/20","3D6.1D59592E1A",135,26.5,1625,NA,12,"LW","chris","3D6.1D59592E1A","4/19/21",224,128.9,"Smolt",3,12,"AM",NA,0,NA,NA,NA,NA
"1261","L15_48","12/9/20","3D6.1D5958A74A",104,12.7,1626,NA,12,"LW","chris","3D6.1D5958A74A","4/19/21",175,59.3,"Transitional",2,12,"AM",NA,0,NA,NA,NA,NA
"1262","L15_56","12/9/20","3D6.1D594D6384",133,26.8,1627,NA,12,"LW","chris","3D6.1D594D6384","4/19/21",220,119,"Smolt",3,12,"AM","3D6.1D594D6384",1,"5/7/21",35,175,0
"1263","L15_64","12/9/20","3D6.1D59590054",86,7.4,1628,NA,12,"LW","chris","3D6.1D59590054","4/19/21",151,35.6,"Parr",1,12,"AM","3D6.1D59590054",1,"5/6/21",34,148,0
"1264","L15_72","12/9/20","3D6.1D5959007E",62,2.5,1629,NA,12,"LW","chris","3D6.1D5959007E",NA,NA,NA,NA,NA,NA,NA,NA,0,NA,NA,NA,NA
"1265","L15_80","12/9/20","3D6.1D59538704",106,13.7,1630,NA,12,"LW","chris","3D6.1D59538704","4/19/21",180,71.2,"Smolt",3,12,"AM","3D6.1D59538704",1,"5/10/21",35,171,0
"1266","L15_88","12/9/20","3D6.1D59590A0B",119,19,1631,NA,12,"LW","chris","3D6.1D59590A0B","4/19/21",216,122,"Smolt",3,12,"AM",NA,0,NA,NA,NA,NA
"1267","L15_96","12/9/20","3D6.1D5959176A",131,26.5,1632,NA,12,"LW","chris","3D6.1D5959176A","4/19/21",225,136.5,"Smolt",3,12,"AM",NA,0,NA,NA,NA,NA
"1268","L16_1","12/9/20","3D6.1D595926A4",134,25.6,1633,NA,12,"LW","chris","3D6.1D595926A4","4/19/21",249,163.8,"Smolt",3,12,"AM",NA,0,NA,NA,NA,NA
"1269","L16_9","12/9/20","3D6.1D59592516",90,8.2,1634,NA,12,"LW","chris","3D6.1D59592516","4/19/21",174,53.3,"Smolt",3,12,"AM","3D6.1D59592516",1,"5/8/21",34,164,0
"1270","L16_17","12/9/20","3D6.1D59591796",126,24,1635,NA,12,"LW","chris","3D6.1D59591796","4/19/21",213,119.8,"Smolt",3,12,"AM",NA,0,NA,NA,NA,NA
"1271","L16_25","12/9/20","3D6.1D59585F48",102,12.3,1636,NA,12,"LW","chris","3D6.1D59585F48","4/19/21",179,61.8,"Transitional",2,12,"AM","3D6.1D59585F48",1,"5/5/21",34,174,1
"1272","L16_33","12/9/20","3D6.1D5959269D",110,15.2,1637,NA,12,"LW","chris","3D6.1D5959269D","4/19/21",186,72.9,"Smolt",3,12,"AM","3D6.1D5959269D",1,"5/5/21",35,181,1
"1273","L16_41","12/9/20","3D6.1D59588601",122,18.7,1638,NA,12,"LW","chris","3D6.1D59588601","4/19/21",209,95.1,"Smolt",3,12,"AM",NA,0,NA,NA,NA,NA
"1274","L16_49","12/9/20","3D6.1D59538D10",115,17.4,1639,NA,12,"LW","chris","3D6.1D59538D10","4/19/21",200,94.8,"Smolt",3,12,"AM","3D6.1D59538D10",1,"5/13/21",35,200,0
"1275","L16_57","12/9/20","3D6.1D59592914",105,13.6,1640,NA,12,"LW","chris","3D6.1D59592914","4/19/21",199,89.9,"Smolt",3,12,"AM","3D6.1D59592914",1,"5/8/21",34,191,0
"1276","L16_65","12/9/20","3D6.1D5953872F",120,19.8,1641,NA,12,"LW","chris","3D6.1D5953872F","4/19/21",191,79.6,"Smolt",3,12,"AM",NA,0,NA,NA,NA,NA
"1277","L16_73","12/9/20","3D6.1D5958A734",89,7.5,1642,NA,12,"LW","chris","3D6.1D5958A734","4/19/21",171,50.4,"Smolt",3,12,"AM","3D6.1D5958A734",1,"5/6/21",34,165,0
"1278","L16_81","12/9/20","3D6.1D59590F45",104,12.3,1643,NA,12,"LW","chris","3D6.1D59590F45","4/19/21",188,79,"Transitional",2,12,"AM","3D6.1D59590F45",1,"5/10/21",35,181,0
"1279","L16_89","12/9/20","3D6.1D59592FDD",106,12.7,1644,NA,12,"LW","chris","3D6.1D59592FDD","4/19/21",205,93.9,"Smolt",3,12,"AM",NA,0,NA,NA,NA,NA
"1280","L16_2","12/9/20","3D6.1D59591DFA",104,12.1,1645,NA,12,"LW","chris","3D6.1D59591DFA","4/19/21",175,64.2,"Smolt",3,12,"AM","3D6.1D59591DFA",1,"5/5/21",34,174,1
"1281","L16_10","12/9/20","3D6.1D5958B30E",78,7.1,1646,"hunchback",12,"LW","chris","3D6.1D5958B30E","4/19/21",141,36.5,"Transitional",2,12,"AM","3D6.1D5958B30E",1,"5/4/21",34,122,1
"1282","L16_18","12/9/20","3D6.1D595928B0",138,31.3,1647,NA,12,"LW","chris","3D6.1D595928B0","4/19/21",230,145.2,"Smolt",3,12,"AM",NA,0,NA,NA,NA,NA
"1283","L16_26","12/9/20","3D6.1D5958A3B7",133,26.2,1648,NA,12,"LW","chris","3D6.1D5958A3B7","4/19/21",211,100.4,"Smolt",3,12,"AM","3D6.1D5958A3B7",1,"5/8/21",35,206,0
"1284","L16_34","12/9/20","3D6.1D595927FE",114,17.5,1649,NA,12,"LW","chris","3D6.1D595927FE","4/19/21",198,93.5,"Smolt",3,12,"AM",NA,0,NA,NA,NA,NA
"1285","L16_42","12/9/20","3D6.1D59587344",144,31.9,1650,NA,12,"LW","chris","3D6.1D59587344",NA,NA,NA,NA,NA,NA,NA,NA,0,NA,NA,NA,NA
"1286","L16_58","12/9/20","3D6.1D59587BAE",129,26.1,1652,NA,12,"LW","chris","3D6.1D59587BAE","4/19/21",211,107.4,"Smolt",3,12,"AM",NA,0,NA,NA,NA,NA
"1287","L16_66","12/9/20","3D6.1D59592426",111,15.2,1653,NA,12,"LW","chris","3D6.1D59592426","4/19/21",184,66.9,"Smolt",3,12,"AM","3D6.1D59592426",1,"5/5/21",34,177,1
"1288","L16_74","12/9/20","3D6.1D59591A1A",103,12.5,1654,NA,12,"LW","chris","3D6.1D59591A1A","4/19/21",186,72.9,"Smolt",3,12,"AM",NA,0,NA,NA,NA,NA
"1289","L16_82","12/9/20","3D6.1D59587C18",121,19.1,1655,NA,12,"LW","chris","3D6.1D59587C18","4/19/21",208,95.1,"Smolt",3,12,"AM",NA,0,NA,NA,NA,NA
"1290","L16_90","12/9/20","3D6.1D595391A9",98,10.6,1656,NA,12,"LW","chris","3D6.1D595391A9","4/19/21",169,51.3,"Transitional",2,12,"AM",NA,0,NA,NA,NA,NA
"1291","L16_3","12/9/20","3D6.1D594D6A32",92,8.6,1657,NA,12,"LW","chris","3D6.1D594D6A32","4/19/21",172,56.6,"Transitional",2,12,"AM","3D6.1D594D6A32",1,"5/6/21",35,171,0
"1292","L16_11","12/9/20","3D6.1D59589061",88,7.2,1658,NA,12,"LW","chris","3D6.1D59589061","4/19/21",171,54.5,"Transitional",2,12,"AM","3D6.1D59589061",1,"5/6/21",34,164,0
"1293","L16_19","12/9/20","3D6.1D594D728A",131,25.6,1659,NA,12,"LW","chris","3D6.1D594D728A","4/19/21",237,146.2,"Smolt",3,12,"AM",NA,0,NA,NA,NA,NA
"1294","L16_27","12/9/20","3D6.1D5958ADDA",89,8.2,1660,NA,12,"LW","chris","3D6.1D5958ADDA","4/19/21",150,38.8,"Transitional",2,12,"AM","3D6.1D5958ADDA",1,"5/5/21",34,148,1
"1295","L16_35","12/9/20","3D6.1D5959296A",104,12,1661,NA,12,"LW","chris","3D6.1D5959296A","4/19/21",175,57.1,"Smolt",3,12,"AM","3D6.1D5959296A",1,"5/10/21",35,168,0
"1296","L16_43","12/9/20","3D6.1D59592D01",122,19.5,1662,NA,12,"LW","chris","3D6.1D59592D01","4/19/21",209,100.3,"Transitional",2,12,"AM","3D6.1D59592D01",1,"5/8/21",35,205,0
"1297","L16_51","12/9/20","3D6.1D594D84A1",149,39.5,1663,NA,12,"LW","chris","3D6.1D594D84A1",NA,NA,NA,NA,NA,NA,NA,NA,0,NA,NA,NA,NA
"1298","L16_59","12/9/20","3D6.1D5959153B",127,23.4,1664,NA,12,"LW","chris","3D6.1D5959153B","4/19/21",198,87.9,"Smolt",3,12,"AM","3D6.1D5959153B",1,"5/10/21",35,186,0
"1299","L16_67","12/9/20","3D6.1D59591800",118,18.5,1665,NA,12,"LW","chris","3D6.1D59591800","4/19/21",204,96.9,"Smolt",3,12,"AM","3D6.1D59591800",1,"5/10/21",35,195,0
"1300","L16_75","12/9/20","3D6.1D595923D5",138,30.1,1666,NA,12,"LW","chris","3D6.1D595923D5","4/19/21",220,120.1,"Smolt",3,12,"AM",NA,0,NA,NA,NA,NA
"1301","L16_83","12/9/20","3D6.1D5958ADD4",129,22.3,1667,NA,12,"LW","chris","3D6.1D5958ADD4",NA,NA,NA,NA,NA,NA,NA,NA,0,NA,NA,NA,NA
"1302","L16_91","12/9/20","3D6.1D594D87BA",141,31.3,1668,NA,12,"LW","chris","3D6.1D594D87BA","4/19/21",241,152.7,"Smolt",3,12,"AM",NA,0,NA,NA,NA,NA
"1303","L16_4","12/9/20","3D6.1D5958FEA0",134,26.3,1669,NA,12,"LW","chris","3D6.1D5958FEA0","4/19/21",231,145.1,"Smolt",3,12,"AM",NA,0,NA,NA,NA,NA
"1304","L16_12","12/9/20","3D6.1D59591EE3",87,7.9,1670,NA,12,"LW","chris","3D6.1D59591EE3","4/19/21",160,47.4,"Transitional",2,12,"AM","3D6.1D59591EE3",1,"5/7/21",34,158,0
"1305","L16_20","12/9/20","3D6.1D595850AE",127,20.3,1671,NA,12,"LW","chris","3D6.1D595850AE","4/19/21",216,102.8,"Smolt",3,12,"AM","3D6.1D595850AE",1,"5/5/21",35,209,1
"1306","L16_28","12/9/20","3D6.1D595915A8",84,6.5,1672,NA,12,"LW","chris","3D6.1D595915A8","4/19/21",151,36,"Smolt",3,12,"AM","3D6.1D595915A8",1,"5/13/21",35,136,0
"1307","L16_36","12/9/20","3D6.1D594D8468",113,16.8,1673,NA,12,"LW","chris","3D6.1D594D8468","4/19/21",223,59.9,"Transitional",2,12,"AM",NA,0,NA,NA,NA,NA
"1308","L16_44","12/9/20","3D6.1D594D8CE6",132,26.3,1674,NA,12,"LW","chris","3D6.1D594D8CE6","4/19/21",222,130.2,"Smolt",3,12,"AM",NA,0,NA,NA,NA,NA
"1309","L16_52","12/9/20","3D6.1D59591892",110,14.3,1675,NA,12,"LW","chris","3D6.1D59591892","4/19/21",190,81.6,"Smolt",3,12,"AM","3D6.1D59591892",1,"5/8/21",35,188,0
"1310","L16_60","12/9/20","3D6.1D59590774",113,15.7,1676,NA,12,"LW","chris","3D6.1D59590774","4/19/21",195,82.2,"Smolt",3,12,"AM","3D6.1D59590774",1,"5/7/21",35,191,0
"1311","L16_68","12/9/20","3D6.1D59592369",118,19.7,1677,NA,12,"LW","chris","3D6.1D59592369","4/19/21",213,101.5,"Smolt",3,12,"AM","3D6.1D59592369",1,"5/6/21",35,204,0
"1312","L16_76","12/9/20","3D6.1D5958A7EC",135,28.1,1678,NA,12,"LW","chris","3D6.1D5958A7EC","4/19/21",204,90.2,"Smolt",3,12,"AM","3D6.1D5958A7EC",1,"5/10/21",35,183,0
"1313","L16_84","12/9/20","3D6.1D5958A870",127,23.2,1679,NA,12,"LW","chris","3D6.1D5958A870","4/19/21",236,143.3,"Smolt",3,12,"AM",NA,0,NA,NA,NA,NA
"1314","L16_92","12/9/20","3D6.1D59585917",144,29,1680,NA,12,"LW","chris","3D6.1D59585917","4/19/21",247,153.6,"Smolt",3,12,"AM",NA,0,NA,NA,NA,NA
"1315","L16_5","12/9/20","3D6.1D5958B14A",133,27.2,1681,NA,12,"LW","chris","3D6.1D5958B14A","4/19/21",237,161.5,"Smolt",3,12,"AM","3D6.1D5958B14A",1,"5/12/21",35,232,0
"1316","L16_13","12/9/20","3D6.1D594D778A",132,25.1,1682,NA,12,"LW","chris","3D6.1D594D778A","4/19/21",210,94.6,"Smolt",3,12,"AM","3D6.1D594D778A",1,"5/7/21",35,203,0
"1317","L16_21","12/9/20","3D6.1D59587220",113,16,1683,NA,12,"LW","chris","3D6.1D59587220","4/19/21",182,69.5,"Smolt",3,12,"AM","3D6.1D59587220",1,"5/10/21",34,175,0
"1318","L16_29","12/9/20","3D6.1D594D6B2A",89,8.3,1684,NA,12,"LW","chris","3D6.1D594D6B2A","4/19/21",173,59.4,"Transitional",2,12,"AM","3D6.1D594D6B2A",1,"5/10/21",34,158,0
"1319","L16_37","12/9/20","3D6.1D59585422",116,17.8,1685,NA,12,"LW","chris","3D6.1D59585422","4/19/21",211,100.5,"Smolt",3,12,"AM",NA,0,NA,NA,NA,NA
"1320","L16_45","12/9/20","3D6.1D59591522",108,14.8,1686,NA,12,"LW","chris","3D6.1D59591522","4/19/21",194,85,"Transitional",2,12,"AM","3D6.1D59591522",1,"5/6/21",34,189,0
"1321","L16_53","12/9/20","3D6.1D5953943D",145,35,1687,NA,12,"LW","chris","3D6.1D5953943D","4/19/21",230,148.6,"Transitional",2,12,"AM",NA,0,NA,NA,NA,NA
"1322","L16_61","12/9/20","3D6.1D5958A545",135,28.9,1688,NA,12,"LW","chris","3D6.1D5958A545","4/19/21",243,152.9,"Smolt",3,12,"AM",NA,0,NA,NA,NA,NA
"1323","L16_69","12/9/20","3D6.1D59592886",128,22.1,1689,NA,12,"LW","chris","3D6.1D59592886","4/19/21",231,138.2,"Smolt",3,12,"AM",NA,0,NA,NA,NA,NA
"1324","L16_77","12/9/20","3D6.1D59586F8C",127,22.8,1690,NA,12,"LW","chris","3D6.1D59586F8C","4/19/21",214,116.5,"Smolt",3,12,"AM",NA,0,NA,NA,NA,NA
"1325","L16_85","12/9/20","3D6.1D5958AEE4",138,30.3,1691,NA,12,"LW","chris","3D6.1D5958AEE4","4/19/21",228,128.1,"Smolt",3,12,"AM",NA,0,NA,NA,NA,NA
"1326","L16_93","12/9/20","3D6.1D5959142A",127,20.8,1692,NA,12,"LW","chris","3D6.1D5959142A","4/19/21",218,107.4,"Smolt",3,12,"AM",NA,0,NA,NA,NA,NA
"1327","L16_6","12/9/20","3D6.1D59587275",131,23.4,1693,NA,12,"LW","chris","3D6.1D59587275","4/19/21",239,150,"Smolt",3,12,"AM",NA,0,NA,NA,NA,NA
"1328","L16_14","12/9/20","3D6.1D5959116E",134,27.6,1694,NA,12,"LW","chris","3D6.1D5959116E","4/19/21",235,147.2,"Smolt",3,12,"AM",NA,0,NA,NA,NA,NA
"1329","L16_22","12/9/20","3D6.1D59589181",116,16.9,1695,NA,12,"LW","chris","3D6.1D59589181","4/19/21",209,103.7,"Transitional",2,12,"AM","3D6.1D59589181",1,"5/7/21",35,205,0
"1330","L16_30","12/9/20","3D6.1D595927BF",102,11,1696,NA,12,"LW","chris","3D6.1D595927BF","4/19/21",184,66.6,"Transitional",2,12,"AM","3D6.1D595927BF",1,"5/5/21",35,180,1
"1331","L16_38","12/9/20","3D6.1D595910AF",118,17,1697,NA,12,"LW","chris","3D6.1D595910AF","4/19/21",186,69,"Smolt",3,12,"AM","3D6.1D595910AF",1,"5/6/21",35,183,0
"1332","L16_46","12/9/20","3D6.1D5958B06A",119,16.8,1698,NA,12,"LW","chris","3D6.1D5958B06A","4/19/21",217,111.1,"Smolt",3,12,"AM",NA,0,NA,NA,NA,NA
"1333","L16_54","12/9/20","3D6.1D59592354",92,7.7,1699,NA,12,"LW","chris","3D6.1D59592354","4/19/21",165,47,"Transitional",2,12,"AM",NA,0,NA,NA,NA,NA
"1334","L16_62","12/9/20","3D6.1D595857FA",127,22.2,1700,NA,12,"LW","chris","3D6.1D595857FA","4/19/21",225,124.6,"Smolt",3,12,"AM",NA,0,NA,NA,NA,NA
"1335","L16_70","12/9/20","3D6.1D59591DB8",129,23.2,1701,NA,12,"LW","chris","3D6.1D59591DB8","4/19/21",216,108.6,"Smolt",3,12,"AM",NA,0,NA,NA,NA,NA
"1336","L16_78","12/9/20","3D6.1D5959259F",110,15.1,1702,NA,12,"LW","chris","3D6.1D5959259F","4/19/21",202,96.7,"Smolt",3,12,"AM","3D6.1D5959259F",1,"5/8/21",34,202,0
"1337","L16_86","12/9/20","3D6.1D5958AAC4",142,33.3,1703,NA,12,"LW","chris","3D6.1D5958AAC4","4/19/21",238,163.3,"Smolt",3,12,"AM",NA,0,NA,NA,NA,NA
"1338","L16_94","12/9/20","3D6.1D595913F1",122,18.8,1704,NA,12,"LW","chris","3D6.1D595913F1","4/19/21",190,78.3,"Transitional",2,12,"AM","3D6.1D595913F1",1,"5/6/21",35,187,0
"1339","L16_7","12/9/20","3D6.1D595917B3",118,18.6,1705,NA,12,"LW","chris","3D6.1D595917B3","4/19/21",215,112.2,"Transitional",2,12,"AM","3D6.1D595917B3",1,"5/10/21",35,210,0
"1340","L16_15","12/9/20","3D6.1D59592915",132,23.9,1706,NA,12,"LW","chris","3D6.1D59592915","4/19/21",230,137.5,"Smolt",3,12,"AM",NA,0,NA,NA,NA,NA
"1341","L16_23","12/9/20","3D6.1D59538839",145,32.4,1707,NA,12,"LW","chris","3D6.1D59538839","4/19/21",255,177.5,"Smolt",3,12,"AM",NA,0,NA,NA,NA,NA
"1342","L16_39","12/9/20","3D6.1D5958A73E",91,8.5,1709,NA,12,"LW","chris","3D6.1D5958A73E","4/19/21",174,61.5,"Transitional",2,12,"AM","3D6.1D5958A73E",1,"5/6/21",35,171,0
"1343","L16_47","12/9/20","3D6.1D59586B3D",115,16.2,1710,NA,12,"LW","chris","3D6.1D59586B3D","4/19/21",205,91.4,"Transitional",2,12,"AM","3D6.1D59586B3D",1,"5/8/21",35,199,0
"1344","L16_55","12/9/20","3D6.1D59586185",107,14,1711,NA,12,"LW","chris","3D6.1D59586185","4/19/21",193,77.3,"Smolt",3,12,"AM","3D6.1D59586185",1,"5/6/21",34,185,0
"1345","L16_63","12/9/20","3D6.1D5958A163",96,9.2,1712,NA,12,"LW","chris","3D6.1D5958A163","4/19/21",161,45.1,"Transitional",2,12,"AM","3D6.1D5958A163",1,"5/8/21",35,153,0
"1346","L16_71","12/9/20","3D6.1D59593264",105,12.3,1713,NA,12,"LW","chris","3D6.1D59593264","4/19/21",177,61,"Smolt",3,12,"AM",NA,0,NA,NA,NA,NA
"1347","L16_79","12/9/20","3D6.1D5958ADED",123,21.8,1714,NA,12,"LW","chris","3D6.1D5958ADED","4/19/21",212,112.6,"Smolt",3,12,"AM","3D6.1D5958ADED",1,"5/6/21",35,207,0
"1348","L16_87","12/9/20","3D6.1D5958A341",107,13.5,1715,NA,12,"LW","chris","3D6.1D5958A341","4/19/21",192,86.7,"Transitional",2,12,"AM","3D6.1D5958A341",1,"5/12/21",35,179,0
"1349","L16_95","12/9/20","3D6.1D59588B80",111,15.5,1716,NA,12,"LW","chris","3D6.1D59588B80","4/19/21",209,108.4,"Transitional",2,12,"AM","3D6.1D59588B80",1,"5/8/21",34,200,0
"1350","L16_8","12/9/20","3D6.1D5958A62B",129,26.3,1717,NA,11,"LW","rob","3D6.1D5958A62B",NA,NA,NA,NA,NA,NA,NA,NA,0,NA,NA,NA,NA
"1351","L16_16","12/9/20","3D6.1D594D8D02",130,22.7,1718,NA,11,"LW","rob","3D6.1D594D8D02","4/20/21",203,88,"Transitional",2,11,"JA","3D6.1D594D8D02",1,"5/6/21",34,194,0
"1352","L16_24","12/9/20","3D6.1D595879CC",128,22.3,1719,NA,11,"LW","rob","3D6.1D595879CC","4/20/21",198,88.6,"Transitional",2,11,"JA","3D6.1D595879CC",1,"5/8/21",34,194,0
"1353","L16_32","12/9/20","3D6.1D59591519",123,20.2,1720,NA,11,"LW","rob","3D6.1D59591519","4/20/21",234,133.3,"Smolt",3,11,"JA",NA,0,NA,NA,NA,NA
"1354","L16_40","12/9/20","3D6.1D5958A78F",86,7,1721,NA,11,"LW","rob","3D6.1D5958A78F","4/20/21",151,36.5,"Parr",1,11,"JA","3D6.1D5958A78F",1,"5/6/21",34,150,0
"1355","L16_48","12/9/20","3D6.1D5958A5F1",111,15.3,1722,NA,11,"LW","rob","3D6.1D5958A5F1","4/20/21",194,86.6,"Smolt",3,11,"JA","3D6.1D5958A5F1",1,"5/6/21",34,188,0
"1356","L16_56","12/9/20","3D6.1D59590BFE",98,10.7,1723,NA,11,"LW","rob","3D6.1D59590BFE","4/20/21",177,68.1,"Transitional",2,11,"JA",NA,0,NA,NA,NA,NA
"1357","L16_64","12/9/20","3D6.1D5958AFA3",86,7.9,1724,NA,11,"LW","rob","3D6.1D5958AFA3","4/20/21",157,47.5,"Parr",1,11,"JA","3D6.1D5958AFA3",1,"5/6/21",34,153,0
"1358","L16_72","12/9/20","3D6.1D59585A57",119,16,1725,NA,11,"LW","rob","3D6.1D59585A57","4/20/21",211,101.3,"Transitional",2,11,"JA","3D6.1D59585A57",1,"5/5/21",35,208,1
"1359","L16_80","12/9/20","3D6.1D5959100F",87,7.3,1726,NA,11,"LW","rob","3D6.1D5959100F","4/20/21",169,53.5,"Parr",1,11,"JA","3D6.1D5959100F",1,"5/5/21",35,163,1
"1360","L16_88","12/9/20","3D6.1D5958A7F3",97,8.7,1727,NA,11,"LW","rob","3D6.1D5958A7F3","4/20/21",174,59.2,"Transitional",2,11,"JA","3D6.1D5958A7F3",1,"5/4/21",34,170,1
"1361","L16_96","12/9/20","3D6.1D595921C7",124,21.4,1728,NA,11,"LW","rob","3D6.1D595921C7","4/20/21",189,78.5,"Transitional",2,11,"JA","3D6.1D595921C7",1,"5/8/21",35,186,0
"89","L02_40","12/7/20","3D6.1D59585735",116,16.4,185,NA,9,"EC","rob","3D6.1D59585735","4/22/21",199,76,"Smolt",3,9,"JA","3D6.1D59585735",1,"5/7/21",34,193,0
"93","L02_72","12/7/20","3D6.1D59587142",109,13.3,189,NA,9,"EC","rob","3D6.1D59587142","4/22/21",177,64.4,"Smolt",3,9,"AM",NA,0,NA,NA,NA,NA
"97","L03_1","12/7/20","3D6.1D59591251",124,21.3,193,NA,9,"EC","rob","3D6.1D59591251","4/22/21",214,115.2,"Smolt",3,9,"AM",NA,0,NA,NA,NA,NA
"108","L03_89","12/7/20","3D6.1D59539031",115,18.1,204,NA,9,"EC","rob","3D6.1D59539031","4/22/21",190,83.4,"Smolt",3,9,"AM",NA,0,NA,NA,NA,NA
"109","L03_2","12/7/20","3D6.1D59592103",122,21.8,205,NA,9,"EC","rob","3D6.1D59592103","4/22/21",196,85.2,"Smolt",3,9,"JA",NA,0,NA,NA,NA,NA
"110","L03_10","12/7/20","3D6.1D594D7DC5",124,20.3,206,NA,9,"EC","rob","3D6.1D594D7DC5","4/22/21",195,79.8,"Smolt",3,9,"JA",NA,0,NA,NA,NA,NA
"114","L03_42","12/7/20","3D6.1D59591C1E",119,19.8,210,NA,9,"EC","rob","3D6.1D59591C1E","4/22/21",203,92.6,"Smolt",3,9,"JA","3D6.1D59591C1E",1,"5/6/21",34,198,0
"115","L03_50","12/7/20","3D6.1D594D7A3E",80,5.8,211,NA,9,"EC","rob","3D6.1D594D7A3E","4/22/21",129,23.2,"Parr",1,9,"JA","3D6.1D594D7A3E",1,"5/5/21",35,129,1
"121","L03_3","12/7/20","3D6.1D59591BC9",107,15.2,217,NA,9,"EC","rob","3D6.1D59591BC9","4/22/21",179,66.4,"Parr",1,9,"AM",NA,0,NA,NA,NA,NA
"136","L03_36","12/7/20","3D6.1D595915A2",118,17.9,233,NA,9,"EC","rob","3D6.1D595915A2","4/22/21",198,87,"Smolt",3,9,"AM",NA,0,NA,NA,NA,NA
"138","L03_52","12/7/20","3D6.1D5958ADE7",99,10.4,235,NA,9,"EC","rob","3D6.1D5958ADE7","4/22/21",160,46.6,"Parr",1,9,"AM","3D6.1D5958ADE7",1,"5/8/21",34,162,0
"142","L03_84","12/7/20","3D6.1D5958708E",119,17.7,239,NA,9,"EC","rob","3D6.1D5958708E","4/22/21",193,78.5,"Smolt",3,9,"JA","3D6.1D5958708E",1,"5/10/21",34,188,0
"146","L03_21","12/7/20","3D6.1D59587811",128,24.7,243,NA,9,"EC","rob","3D6.1D59587811","4/22/21",206,100.8,"Smolt",3,9,"JA",NA,0,NA,NA,NA,NA
"147","L03_29","12/7/20","3D6.1D5958917A",104,14.2,244,NA,9,"EC","rob","3D6.1D5958917A","4/22/21",170,57.9,"Parr",1,9,"AM",NA,0,NA,NA,NA,NA
"152","L03_69","12/7/20","3D6.1D59593258",128,24.6,249,NA,9,"EC","rob","3D6.1D59593258","4/22/21",208,105.5,"Smolt",3,9,"JA",NA,0,NA,NA,NA,NA
"159","L03_30","12/7/20","3D6.1D5958643C",114,16.2,256,NA,9,"EC","rob","3D6.1D5958643C","4/22/21",190,77,"Smolt",3,9,"AM",NA,0,NA,NA,NA,NA
"161","L03_46","12/7/20","3D6.1D5958B163",104,12.5,258,NA,9,"EC","rob","3D6.1D5958B163","4/22/21",166,54.7,"Parr",1,9,"AM",NA,0,NA,NA,NA,NA
"164","L03_70","12/8/20","3D6.1D5958A2E9",115,16.7,261,NA,8,"EC","rob","3D6.1D5958A2E9","4/22/21",185,67.5,"Smolt",3,8,"JA","3D6.1D5958A2E9",1,"5/6/21",34,177,0
"168","L03_15","12/8/20","3D6.1D5959164D",120,20.5,266,NA,8,"EC","rob","3D6.1D5959164D","4/22/21",195,78.8,"Smolt",3,8,"AM",NA,0,NA,NA,NA,NA
"172","L03_55","12/8/20","3D6.1D5958AC0A",114,17.1,271,NA,8,"EC","rob","3D6.1D5958AC0A","4/22/21",200,88.3,"Smolt",3,8,"JA","3D6.1D5958AC0A",1,"5/14/21",35,198,0
"174","L03_71","12/8/20","3D6.1D59592192",120,20.4,273,NA,8,"EC","rob","3D6.1D59592192","4/22/21",179,62.9,"Parr",1,8,"JA","3D6.1D59592192",1,"5/10/21",35,171,0
"181","L03_40","12/8/20","3D6.1D594D7761",95,9.6,281,NA,8,"EC","rob","3D6.1D594D7761","4/22/21",153,38.9,"Parr",1,8,"AM",NA,0,NA,NA,NA,NA
"182","L03_48","12/8/20","3D6.1D5958A5CC",109,15.1,282,NA,8,"EC","rob","3D6.1D5958A5CC","4/22/21",174,55.5,"Parr",1,8,"JA",NA,0,NA,NA,NA,NA
"183","L03_56","12/8/20","3D6.1D595912E0",138,30.6,283,NA,8,"EC","rob","3D6.1D595912E0","4/22/21",209,97.3,"Smolt",3,8,"JA","3D6.1D595912E0",1,"5/7/21",35,206,0
"188","L03_96","12/8/20","3D6.1D59593121",115,16,288,NA,8,"EC","rob","3D6.1D59593121","4/22/21",176,58.3,"Parr",1,8,"AM",NA,0,NA,NA,NA,NA
"192","L04_33","12/8/20","3D6.1D59591A70",99,11.8,293,NA,8,"EC","rob","3D6.1D59591A70","4/22/21",164,48,"Parr",1,8,"JA","3D6.1D59591A70",1,"5/6/21",34,162,0
"194","L04_49","12/8/20","3D6.1D59590FFF",111,14.3,295,NA,8,"EC","rob","3D6.1D59590FFF","4/22/21",188,70.7,"Smolt",3,8,"JA",NA,0,NA,NA,NA,NA
"203","L04_26","12/8/20","3D6.1D595923D7",122,20.1,304,NA,8,"EC","rob","3D6.1D595923D7","4/22/21",181,68.9,"Parr",1,8,"AM","3D6.1D595923D7",1,"5/8/21",35,179,0
"208","L04_66","12/8/20","3D6.1D59588F96",79,5.5,309,NA,8,"EC","rob","3D6.1D59588F96","4/22/21",158,43.2,"Parr",1,8,"AM",NA,0,NA,NA,NA,NA
"209","L04_74","12/8/20","3D6.1D595913AB",80,6.2,310,NA,8,"EC","rob","3D6.1D595913AB","4/22/21",120,19.5,"Parr",1,8,"AM","3D6.1D595913AB",1,"5/5/21",35,123,1
"213","L04_11","12/8/20","3D6.1D59587492",132,25.2,314,NA,8,"EC","rob","3D6.1D59587492","4/22/21",211,104.5,"Smolt",3,8,"JA",NA,0,NA,NA,NA,NA
"214","L04_19","12/8/20","3D6.1D594D8070",107,13.6,315,NA,8,"EC","rob","3D6.1D594D8070","4/22/21",177,63.2,"Parr",1,8,"AM",NA,0,NA,NA,NA,NA
"217","L04_43","12/8/20","3D6.1D59592661",105,12.4,318,NA,8,"EC","rob","3D6.1D59592661","4/22/21",165,47.8,"Parr",1,8,"JA","3D6.1D59592661",1,"5/5/21",35,161,1
"218","L04_51","12/8/20","3D6.1D5958917E",85,7,319,NA,8,"EC","rob","3D6.1D5958917E","4/22/21",152,38.3,"Parr",1,8,"JA","3D6.1D5958917E",1,"5/5/21",35,148,1
"222","L04_83","12/8/20","3D6.1D59587140",88,9.1,323,NA,8,"EC","rob","3D6.1D59587140","4/22/21",147,37.4,"Parr",1,8,"AM","3D6.1D59587140",1,"5/6/21",34,151,0
"223","L04_91","12/8/20","3D6.1D59592C2A",106,11.3,324,NA,8,"EC","rob","3D6.1D59592C2A","4/22/21",162,47.4,"Parr",1,8,"AM",NA,0,NA,NA,NA,NA
"225","L04_12","12/8/20","3D6.1D59592453",84,6.4,326,NA,8,"EC","rob","3D6.1D59592453","4/22/21",122,20.1,"Parr",1,8,"AM","3D6.1D59592453",1,"5/5/21",35,123,1
"226","L04_20","12/8/20","3D6.1D59591D3E",115,19.8,327,NA,8,"EC","rob","3D6.1D59591D3E","4/22/21",188,87.1,"Parr",1,8,"AM","3D6.1D59591D3E",1,"5/6/21",34,188,0
"235","L04_92","12/8/20","3D6.1D5958AB69",115,16.9,336,NA,8,"EC","rob","3D6.1D5958AB69","4/22/21",197,88.4,"Smolt",3,8,"JA","3D6.1D5958AB69",1,"5/10/21",35,190,0
"238","L04_21","12/8/20","3D6.1D5959023D",114,15.6,339,NA,8,"EC","rob","3D6.1D5959023D","4/22/21",171,57.1,"Parr",1,8,"AM","3D6.1D5959023D",1,"5/5/21",34,172,1
"242","L04_53","12/8/20","3D6.1D59590E67",131,24,343,NA,8,"EC","rob","3D6.1D59590E67","4/22/21",195,78.5,"Smolt",3,8,"JA","3D6.1D59590E67",1,"5/6/21",35,192,0
"245","L04_77","12/8/20","3D6.1D595868F7",125,21.9,346,NA,8,"EC","rob","3D6.1D595868F7","4/22/21",187,75.2,"Parr",1,8,"AM",NA,0,NA,NA,NA,NA
"249","L04_14","12/8/20","3D6.1D5958ADDC",113,15.7,350,NA,8,"EC","rob","3D6.1D5958ADDC","4/22/21",187,75.8,"Smolt",3,8,"JA",NA,0,NA,NA,NA,NA
"252","L04_38","12/8/20","3D6.1D59585081",97,9.6,353,NA,8,"EC","rob","3D6.1D59585081","4/22/21",162,46.9,"Parr",1,8,"AM","3D6.1D59585081",1,"5/4/21",34,160,1
"253","L04_46","12/8/20","3D6.1D59589DF4",96,8.6,354,NA,8,"EC","rob","3D6.1D59589DF4","4/22/21",153,39.2,"Parr",1,8,"JA","3D6.1D59589DF4",1,"5/6/21",34,154,0
"254","L04_54","12/8/20","3D6.1D594D6992",138,28.2,355,NA,8,"EC","rob","3D6.1D594D6992","4/22/21",211,106.1,"Smolt",3,8,"AM",NA,0,NA,NA,NA,NA
"255","L04_62","12/8/20","3D6.1D5953916E",138,28,356,NA,8,"EC","rob","3D6.1D5953916E","4/22/21",208,97,"Smolt",3,8,"JA","3D6.1D5953916E",1,"5/13/21",34,200,0
"257","L04_78","12/8/20","3D6.1D59590127",141,28.6,358,NA,8,"EC","rob","3D6.1D59590127","4/22/21",222,114,"Smolt",3,8,"JA","3D6.1D59590127",1,"5/10/21",34,210,0
"258","L04_86","12/8/20","3D6.1D5958ABF6",113,16.7,359,NA,8,"EC","rob","3D6.1D5958ABF6","4/22/21",185,71.7,"Parr",1,8,"AM",NA,0,NA,NA,NA,NA
"261","L04_15","12/8/20","3D6.1D59591C08",127,22.7,362,NA,8,"EC","rob","3D6.1D59591C08","4/22/21",177,62.7,"Parr",1,8,"AM","3D6.1D59591C08",1,"5/8/21",35,175,0
"263","L04_39","12/8/20","3D6.1D59588ACE",113,15.8,365,NA,8,"EC","rob","3D6.1D59588ACE","4/22/21",188,73.6,"Smolt",3,8,"JA",NA,0,NA,NA,NA,NA
"266","L04_63","12/8/20","3D6.1D5958FEB8",110,14.1,368,NA,3,"LC","chris","3D6.1D5958FEB8","4/21/21",203,93.5,"Smolt",3,3,"JA",NA,0,NA,NA,NA,NA
"270","L04_8","12/8/20","3D6.1D595912C0",113,17.7,373,NA,3,"LC","chris","3D6.1D595912C0","4/21/21",192,81.4,"Smolt",3,3,"JA","3D6.1D595912C0",1,"5/12/21",35,188,0
"275","L04_56","12/8/20","3D6.1D5959184E",123,21.5,379,NA,3,"LC","chris","3D6.1D5959184E","4/21/21",191,80.4,"Smolt",3,3,"JA",NA,0,NA,NA,NA,NA
"276","L04_64","12/8/20","3D6.1D59588493",78,5.6,380,NA,3,"LC","chris","3D6.1D59588493","4/21/21",168,52.3,"Parr",1,3,"JA",NA,0,NA,NA,NA,NA
"285","L05_33","12/8/20","3D6.1D59588E98",104,13.3,389,NA,3,"LC","chris","3D6.1D59588E98","4/21/21",199,93.4,"Smolt",3,3,"JA",NA,0,NA,NA,NA,NA
"288","L05_57","12/8/20","3D6.1D5958AE26",89,8.2,392,NA,3,"LC","chris","3D6.1D5958AE26","4/21/21",170,51.1,"Smolt",3,3,"JA","3D6.1D5958AE26",1,"5/13/21",35,161,0
"299","L05_50","12/8/20","3D6.1D59592135",114,16.7,403,NA,3,"LC","chris","3D6.1D59592135","4/21/21",198,87.2,"Smolt",3,3,"JA",NA,0,NA,NA,NA,NA
"301","L05_66","12/8/20","3D6.1D59591475",98,9.9,405,NA,3,"LC","chris","3D6.1D59591475","4/21/21",181,63,"Parr",1,3,"JA",NA,0,NA,NA,NA,NA
"306","L05_11","12/8/20","3D6.1D595861AE",110,14.8,410,NA,3,"LC","chris","3D6.1D595861AE","4/21/21",210,102.1,"Smolt",3,3,"JA",NA,0,NA,NA,NA,NA
"310","L05_43","12/8/20","3D6.1D59586145",84,6,414,NA,3,"LC","chris","3D6.1D59586145","4/21/21",112,15.9,"Parr",1,3,"JA","3D6.1D59586145",1,"5/5/21",35,108,1
"311","L05_51","12/8/20","3D6.1D5958A877",82,6.1,415,NA,3,"LC","chris","3D6.1D5958A877","4/21/21",165,46.2,"Parr",1,3,"JA","3D6.1D5958A877",1,"5/10/21",34,164,0
"316","L05_91","12/8/20","3D6.1D595919A4",98,10.4,420,NA,3,"LC","chris","3D6.1D595919A4","4/21/21",176,55.7,"Parr",1,3,"JA",NA,0,NA,NA,NA,NA
"317","L05_4","12/8/20","3D6.1D59590378",84,6.5,421,NA,3,"LC","chris","3D6.1D59590378","4/21/21",141,29.5,"Parr",1,3,"JA","3D6.1D59590378",1,"5/7/21",35,144,0
"318","L05_12","12/8/20","3D6.1D5958B209",115,16.6,422,NA,3,"LC","chris","3D6.1D5958B209","4/21/21",209,105.2,"Smolt",3,3,"JA",NA,0,NA,NA,NA,NA
"322","L05_44","12/8/20","3D6.1D59587BE3",97,11.7,426,NA,3,"LC","chris","3D6.1D59587BE3","4/21/21",185,77.8,"Smolt",3,3,"JA",NA,0,NA,NA,NA,NA
"324","L05_60","12/8/20","3D6.1D59538D18",121,19.2,428,NA,3,"LC","chris","3D6.1D59538D18","4/21/21",205,87.9,"Smolt",3,3,"JA",NA,0,NA,NA,NA,NA
"328","L05_92","12/8/20","3D6.1D5958AFBB",81,5.3,432,NA,3,"LC","chris","3D6.1D5958AFBB","4/21/21",156,36.9,"Parr",1,3,"JA",NA,0,NA,NA,NA,NA
"331","L05_21","12/8/20","3D6.1D595910FF",67,3.5,435,NA,3,"LC","chris","3D6.1D595910FF","4/21/21",92,9.9,"Parr",1,3,"JA","3D6.1D595910FF",1,"5/4/21",35,92,1
"340","L05_93","12/8/20","3D6.1D594D8F81",90,8,444,NA,3,"LC","chris","3D6.1D594D8F81","4/21/21",142,54.4,"Parr",1,3,"JA",NA,0,NA,NA,NA,NA
"344","L05_38","12/8/20","3D6.1D59586BB5",101,11.8,449,NA,3,"LC","chris","3D6.1D59586BB5","4/21/21",194,81.9,"Smolt",3,3,"JA",NA,0,NA,NA,NA,NA
"346","L05_54","12/8/20","3D6.1D594D87DC",94,9.2,451,NA,3,"LC","chris","3D6.1D594D87DC","4/21/21",162,49.8,"Parr",1,3,"JA",NA,0,NA,NA,NA,NA
"348","L05_70","12/8/20","3D6.1D59591B48",96,9.2,453,NA,3,"LC","chris","3D6.1D59591B48","4/21/21",168,47.8,"Parr",1,3,"JA",NA,0,NA,NA,NA,NA
"350","L05_86","12/8/20","3D6.1D594D8041",93,9.2,455,NA,3,"LC","chris","3D6.1D594D8041","4/21/21",170,53.4,"Parr",1,3,"JA","3D6.1D594D8041",1,"5/14/21",35,170,0
"352","L05_7","12/8/20","3D6.1D59588B01",75,5.1,457,NA,3,"LC","chris","3D6.1D59588B01","4/21/21",123,20.7,"Parr",1,3,"JA","3D6.1D59588B01",1,"5/5/21",34,123,1
"357","L05_47","12/8/20","3D6.1D595865CC",100,12,462,NA,3,"LC","chris","3D6.1D595865CC","4/21/21",185,74.6,"Smolt",3,3,"JA","3D6.1D595865CC",1,"5/8/21",35,181,0
"360","L05_71","12/8/20","3D6.1D59589FF0",82,6.4,465,NA,3,"LC","chris","3D6.1D59589FF0","4/21/21",149,35.2,"Parr",1,3,"JA","3D6.1D59589FF0",1,"5/10/21",35,140,0
"363","L05_95","12/8/20","3D6.1D594D74EE",83,6.5,468,NA,3,"LC","chris","3D6.1D594D74EE","4/21/21",156,43.6,"Parr",1,3,"JA",NA,0,NA,NA,NA,NA
"368","L05_40","12/8/20","3D6.1D59588D82",113,17.4,473,NA,7,"LC","chris","3D6.1D59588D82","4/20/21",203,100.9,"Smolt",3,7,"JA",NA,0,NA,NA,NA,NA
"370","L05_56","12/8/20","3D6.1D59591332",118,19,475,NA,7,"LC","chris","3D6.1D59591332","4/20/21",207,96.3,"Smolt",3,7,"JA",NA,0,NA,NA,NA,NA
"382","L06_49","12/8/20","3D6.1D59590C27",93,8.7,487,NA,7,"LC","chris","3D6.1D59590C27","4/20/21",178,55.9,"Smolt",3,7,"JA","3D6.1D59590C27",1,"5/12/21",34,168,0
"384","L06_65","12/8/20","3D6.1D5958759C",63,2.8,489,NA,7,"LC","chris","3D6.1D5958759C","4/20/21",83,6.9,"Parr",1,7,"JA","3D6.1D5958759C",1,"5/4/21",35,79,1
"385","L06_81","12/8/20","3D6.1D595910E7",79,5.3,491,NA,7,"LC","chris","3D6.1D595910E7","4/20/21",134,27.1,"Parr",1,7,"AM",NA,0,NA,NA,NA,NA
"391","L06_34","12/8/20","3D6.1D59538731",80,5.8,497,NA,7,"LC","chris","3D6.1D59538731","4/20/21",124,21.3,"Parr",1,7,"JA",NA,0,NA,NA,NA,NA
"396","L06_74","12/8/20","3D6.1D59591D13",76,3.9,502,NA,7,"LC","chris","3D6.1D59591D13","4/20/21",115,16,"Parr",1,7,"AM","3D6.1D59591D13",1,"5/4/21",35,116,1
"398","L06_90","12/8/20","3D6.1D59588BAC",87,7.4,504,NA,7,"LC","chris","3D6.1D59588BAC","4/20/21",156,41.8,"Parr",1,7,"AM","3D6.1D59588BAC",1,"5/4/21",35,154,1
"401","L06_19","12/8/20","3D6.1D59591621",102,12.4,507,NA,7,"LC","chris","3D6.1D59591621","4/20/21",182,64.3,"Smolt",3,7,"AM","3D6.1D59591621",1,"5/7/21",35,190,0
"409","L06_83","12/8/20","3D6.1D5958A491",125,22.6,515,NA,7,"LC","chris","3D6.1D5958A491","4/20/21",229,134.3,"Smolt",3,7,"JA","3D6.1D5958A491",1,"5/12/21",35,225,0
"412","L06_12","12/8/20","3D6.1D595931B9",83,6.1,518,NA,7,"LC","chris","3D6.1D595931B9","4/20/21",152,34.4,"Parr",1,7,"JA","3D6.1D595931B9",1,"5/6/21",35,146,0
"417","L06_52","12/8/20","3D6.1D594D840C",72,3.8,523,NA,7,"LC","chris","3D6.1D594D840C","4/20/21",90,9.2,"Parr",1,7,"JA","3D6.1D594D840C",1,"5/4/21",34,89,1
"418","L06_68","12/8/20","3D6.1D594D798B",85,6.8,525,NA,7,"LC","chris","3D6.1D594D798B","4/20/21",133,25,"Parr",1,7,"AM","3D6.1D594D798B",1,"5/5/21",34,136,1
"419","L06_76","12/8/20","3D6.1D595921E3",62,2.9,526,NA,7,"LC","chris","3D6.1D595921E3","4/20/21",79,5.3,"Parr",1,7,"AM",NA,0,NA,NA,NA,NA
"423","L06_13","12/8/20","3D6.1D5958A146",88,7.3,530,NA,7,"LC","chris","3D6.1D5958A146","4/20/21",158,44.8,"Smolt",3,7,"AM","3D6.1D5958A146",1,"5/10/21",35,149,0
"428","L06_53","12/8/20","3D6.1D595878E8",92,9.2,535,NA,7,"LC","chris","3D6.1D595878E8","4/20/21",177,65.2,"Smolt",3,7,"AM","3D6.1D595878E8",1,"5/10/21",35,178,0
"441","L06_70","12/8/20","3D6.1D59592E00",114,18,549,NA,7,"LC","chris","3D6.1D59592E00","4/20/21",216,123.2,"Smolt",3,7,"JA",NA,0,NA,NA,NA,NA
"443","L06_86","12/8/20","3D6.1D59590BCF",106,13.4,551,NA,7,"LC","chris","3D6.1D59590BCF","4/20/21",195,88.4,"Smolt",3,7,"JA",NA,0,NA,NA,NA,NA
"444","L06_94","12/8/20","3D6.1D59586307",95,11.3,552,NA,7,"LC","chris","3D6.1D59586307","4/20/21",163,54.9,"Parr",1,7,"AM","3D6.1D59586307",1,"5/6/21",34,161,0
"446","L06_15","12/8/20","3D6.1D5959156F",87,8.2,554,NA,7,"LC","chris","3D6.1D5959156F","4/20/21",162,43.5,"Parr",1,7,"JA","3D6.1D5959156F",1,"5/12/21",35,162,0
"450","L06_55","12/8/20","3D6.1D59588DCE",116,17.4,559,NA,7,"LC","chris","3D6.1D59588DCE","4/20/21",204,91.7,"Smolt",3,7,"AM","3D6.1D59588DCE",1,"5/8/21",34,203,0
"454","L06_87","12/8/20","3D6.1D5958A4FA",82,6.1,563,NA,7,"LC","chris","3D6.1D5958A4FA","4/20/21",129,25.2,"Parr",1,7,"JA","3D6.1D5958A4FA",1,"5/5/21",34,129,1
"455","L06_95","12/8/20","3D6.1D594D833E",97,6.8,564,NA,7,"LC","chris","3D6.1D594D833E","4/20/21",172,56.4,"Parr",1,7,"AM","3D6.1D594D833E",1,"5/8/21",34,169,0
"459","L06_32","12/8/20","3D6.1D59538CC3",127,23,568,NA,7,"LC","chris","3D6.1D59538CC3","4/20/21",233,140.5,"Smolt",3,7,"JA",NA,0,NA,NA,NA,NA
"464","L06_72","12/8/20","3D6.1D59592701",79,5.7,573,NA,7,"LC","chris","3D6.1D59592701","4/20/21",141,29.6,"Parr",1,7,"JA","3D6.1D59592701",1,"5/6/21",35,142,0
"854","L11_91","12/7/20","3D6.1D59589F58",127,21.3,1188,NA,9,"EC","jeff","3D6.1D59589F58","4/22/21",200,81.8,"Smolt",3,9,"JA","3D6.1D59589F58",1,"5/6/21",34,195,0
"856","L11_12","12/7/20","3D6.1D59592360",138,30.9,1190,NA,9,"EC","jeff","3D6.1D59592360","4/22/21",202,87.4,"Smolt",3,9,"JA","3D6.1D59592360",1,"5/10/21",35,186,0
"858","L11_28","12/7/20","3D6.1D595889EE",125,19.9,1192,NA,9,"EC","jeff","3D6.1D595889EE","4/22/21",210,102.6,"Smolt",3,9,"JA",NA,0,NA,NA,NA,NA
"866","L11_92","12/7/20","3D6.1D5958B394",84,5.8,1200,NA,9,"EC","jeff","3D6.1D5958B394","4/22/21",129,23.1,"Parr",1,9,"JA","3D6.1D5958B394",1,"5/5/21",35,130,1
"872","L11_45","12/7/20","3D6.1D59586F0D",127,23.8,1206,NA,9,"EC","jeff","3D6.1D59586F0D","4/22/21",202,94.9,"Smolt",3,9,"AM",NA,0,NA,NA,NA,NA
"879","L11_6","12/7/20","3D6.1D59589277",119,19.2,1213,NA,9,"EC","jeff","3D6.1D59589277","4/22/21",190,86.3,"Parr",1,9,"AM","3D6.1D59589277",1,"5/7/21",35,188,0
"881","L11_22","12/7/20","3D6.1D595884A5",100,11.8,1215,NA,9,"EC","jeff","3D6.1D595884A5","4/22/21",162,46.6,"Parr",1,9,"JA","3D6.1D595884A5",1,"5/5/21",34,162,1
"882","L11_30","12/7/20","3D6.1D59592905",116,17.2,1216,NA,9,"EC","jeff","3D6.1D59592905","4/22/21",201,89.8,"Smolt",3,9,"JA","3D6.1D59592905",1,"5/14/21",35,197,0
"884","L11_46","12/7/20","3D6.1D5958A112",122,22.3,1218,NA,9,"EC","jeff","3D6.1D5958A112","4/22/21",196,83.7,"Parr",1,9,"JA",NA,0,NA,NA,NA,NA
"885","L11_62","12/7/20","3D6.1D5958B386",106,13.3,1220,NA,9,"EC","jeff","3D6.1D5958B386","4/22/21",167,53,"Parr",1,9,"AM",NA,0,NA,NA,NA,NA
"890","L11_15","12/7/20","3D6.1D5959246C",132,26.2,1226,NA,9,"EC","jeff","3D6.1D5959246C","4/22/21",206,108,"Smolt",3,9,"JA",NA,0,NA,NA,NA,NA
"892","L11_39","12/7/20","3D6.1D59590AD9",128,22,1229,NA,9,"EC","jeff","3D6.1D59590AD9","4/22/21",202,96.6,"Smolt",3,9,"AM",NA,0,NA,NA,NA,NA
"895","L11_63","12/7/20","3D6.1D59587B0F",137,28.5,1232,NA,9,"EC","jeff","3D6.1D59587B0F","4/22/21",220,121.7,"Smolt",3,9,"JA","3D6.1D59587B0F",1,"5/13/21",35,221,0
"898","L11_87","12/7/20","3D6.1D59586901",130,23.2,1235,NA,9,"EC","jeff","3D6.1D59586901","4/22/21",204,93.9,"Smolt",3,9,"JA","3D6.1D59586901",1,"5/13/21",35,201,0
"904","L11_40","12/7/20","3D6.1D5958A745",125,21.2,1241,NA,9,"EC","jeff","3D6.1D5958A745","4/22/21",212,101.4,"Smolt",3,9,"JA","3D6.1D5958A745",1,"5/10/21",35,203,0
"911","L11_96","12/7/20","3D6.1D59585F0A",120,15.6,1248,NA,9,"EC","jeff","3D6.1D59585F0A","4/22/21",201,95.5,"Smolt",3,9,"JA","3D6.1D59585F0A",1,"5/10/21",34,131,0
"914","L12_17","12/7/20","3D6.1D5958AC4E",151,32.9,1251,NA,9,"EC","jeff","3D6.1D5958AC4E","4/22/21",235,130.9,"Smolt",3,9,"AM",NA,0,NA,NA,NA,NA
"916","L12_33","12/7/20","3D6.1D5959210E",133,24.1,1253,NA,9,"EC","jeff","3D6.1D5959210E","4/22/21",216,104.7,"Smolt",3,9,"JA","3D6.1D5959210E",1,"5/7/21",35,211,0
"918","L12_49","12/7/20","3D6.1D594D8207",128,22.6,1255,NA,9,"EC","jeff","3D6.1D594D8207","4/22/21",215,106.9,"Smolt",3,9,"JA",NA,0,NA,NA,NA,NA
"921","L12_73","12/7/20","3D6.1D59591732",119,18.3,1258,NA,9,"EC","jeff","3D6.1D59591732","4/22/21",200,135.5,"Smolt",3,9,"AM",NA,0,NA,NA,NA,NA
"930","L12_50","12/7/20","3D6.1D59585857",128,21.7,1267,NA,9,"EC","jeff","3D6.1D59585857","4/22/21",212,99.2,"Smolt",3,9,"JA","3D6.1D59585857",1,"5/10/21",35,211,0
"934","L12_82","12/7/20","3D6.1D59591581",120,17.5,1271,NA,9,"EC","jeff","3D6.1D59591581","4/22/21",175,61.9,"Parr",1,9,"JA",NA,0,NA,NA,NA,NA
"937","L12_11","12/7/20","3D6.1D59591C01",101,10.8,1274,NA,9,"EC","jeff","3D6.1D59591C01","4/22/21",161,43.4,"Parr",1,9,"AM","3D6.1D59591C01",1,"5/4/21",34,159,1
"939","L12_27","12/7/20","3D6.1D59585F80",106,11.1,1276,NA,9,"EC","jeff","3D6.1D59585F80","4/22/21",169,54.5,"Parr",1,9,"AM",NA,0,NA,NA,NA,NA
"940","L12_35","12/7/20","3D6.1D5958B6CC",103,12.3,1277,NA,9,"EC","jeff","3D6.1D5958B6CC","4/22/21",169,55.8,"Parr",1,9,"AM",NA,0,NA,NA,NA,NA
"942","L12_51","12/7/20","3D6.1D5958B05C",131,23.4,1279,NA,9,"EC","jeff","3D6.1D5958B05C","4/22/21",213,112.6,"Smolt",3,9,"AM","3D6.1D5958B05C",1,"5/12/21",34,211,0
"945","L12_75","12/7/20","3D6.1D595898C9",130,24.6,1282,NA,9,"EC","jeff","3D6.1D595898C9","4/22/21",196,92.6,"Smolt",3,9,"JA","3D6.1D595898C9",1,"5/8/21",34,192,0
"949","L12_12","12/7/20","3D6.1D595876D4",117,18.7,1286,NA,9,"EC","jeff","3D6.1D595876D4","4/22/21",207,103.6,"Smolt",3,9,"AM",NA,0,NA,NA,NA,NA
"956","L12_68","12/7/20","3D6.1D5958A940",109,14.1,1293,NA,9,"EC","jeff","3D6.1D5958A940","4/22/21",178,64.6,"Smolt",3,9,"JA",NA,0,NA,NA,NA,NA
"958","L12_84","12/7/20","3D6.1D5958A59C",84,5.6,1295,NA,9,"EC","jeff","3D6.1D5958A59C","4/22/21",99,11.8,"Parr",1,9,"JA","3D6.1D5958A59C",1,"5/4/21",34,93,1
"961","L12_13","12/7/20","3D6.1D59592356",139,29.7,1298,NA,9,"EC","jeff","3D6.1D59592356","4/22/21",220,126.1,"Smolt",3,9,"JA",NA,0,NA,NA,NA,NA
"967","L12_61","12/7/20","3D6.1D595899F1",148,34.9,1304,NA,9,"EC","jeff","3D6.1D595899F1","4/22/21",224,124,"Smolt",3,9,"JA","3D6.1D595899F1",1,"5/7/21",35,223,0
"974","L12_22","12/7/20","3D6.1D5958A8C3",98,11.6,1311,NA,9,"EC","jeff","3D6.1D5958A8C3","4/22/21",139,28.6,"Parr",1,9,"AM","3D6.1D5958A8C3",1,"5/5/21",35,139,1
"976","L12_38","12/7/20","3D6.1D595911C2",80,6.2,1313,NA,9,"EC","jeff","3D6.1D595911C2","4/22/21",141,31.6,"Parr",1,9,"AM","3D6.1D595911C2",1,"5/4/21",35,144,1
"977","L12_46","12/8/20","3D6.1D59538E50",119,18,1314,NA,8,"EC","jeff","3D6.1D59538E50","4/22/21",199,86.4,"Smolt",3,8,"JA",NA,0,NA,NA,NA,NA
"984","L12_23","12/8/20","3D6.1D59591A6D",89,6.1,1323,NA,8,"EC","jeff","3D6.1D59591A6D","4/22/21",126,22.9,"Parr",1,8,"AM","3D6.1D59591A6D",1,"5/5/21",35,133,1
"986","L12_47","12/8/20","3D6.1D59587328",133,24,1326,NA,8,"EC","jeff","3D6.1D59587328","4/22/21",190,73.8,"Smolt",3,8,"AM","3D6.1D59587328",1,"5/6/21",34,187,0
"990","L12_79","12/8/20","3D6.1D59590DC9",131,22.1,1330,NA,8,"EC","jeff","3D6.1D59590DC9","4/22/21",203,92.1,"Smolt",3,8,"AM",NA,0,NA,NA,NA,NA
"992","L12_8","12/8/20","3D6.1D5958A102",92,7.9,1333,NA,8,"EC","jeff","3D6.1D5958A102","4/22/21",150,38.4,"Parr",1,8,"JA","3D6.1D5958A102",1,"5/7/21",34,153,0
"996","L12_40","12/8/20","3D6.1D59590C18",134,25.4,1337,NA,8,"EC","jeff","3D6.1D59590C18","4/22/21",209,100.3,"Smolt",3,8,"AM",NA,0,NA,NA,NA,NA
"1000","L12_72","12/8/20","3D6.1D59592609",114,17.2,1341,NA,8,"EC","jeff","3D6.1D59592609","4/22/21",176,62.7,"Parr",1,8,"AM","3D6.1D59592609",1,"5/10/21",34,173,0
"1005","L13_9","12/8/20","3D6.1D5958914B",112,22.1,1346,NA,8,"EC","jeff","3D6.1D5958914B","4/22/21",201,79.3,"Smolt",3,8,"JA","3D6.1D5958914B",1,"5/6/21",35,192,0
"1007","L13_25","12/8/20","3D6.1D594D78CF",111,13.8,1348,NA,8,"EC","jeff","3D6.1D594D78CF","4/22/21",168,53.5,"Parr",1,8,"AM",NA,0,NA,NA,NA,NA
"1009","L13_41","12/8/20","3D6.1D59586B8A",94,8.9,1350,NA,8,"EC","jeff","3D6.1D59586B8A","4/22/21",152,41.5,"Parr",1,8,"AM",NA,0,NA,NA,NA,NA
"1010","L13_49","12/8/20","3D6.1D595916B6",121,19.8,1351,NA,8,"EC","jeff","3D6.1D595916B6","4/22/21",183,65.2,"Parr",1,8,"AM",NA,0,NA,NA,NA,NA
"1012","L13_65","12/8/20","3D6.1D59590001",128,23.1,1353,NA,8,"EC","jeff","3D6.1D59590001","4/22/21",218,116.4,"Smolt",3,8,"JA","3D6.1D59590001",1,"5/12/21",34,208,0
"1019","L13_34","12/8/20","3D6.1D59538D8B",116,17.1,1361,NA,8,"EC","jeff","3D6.1D59538D8B","4/22/21",183,72.6,"Smolt",3,8,"AM",NA,0,NA,NA,NA,NA
"1025","L13_82","12/8/20","3D6.1D594D7ABC",118,18.4,1367,NA,8,"EC","jeff","3D6.1D594D7ABC","4/22/21",190,80.9,"Smolt",3,8,"JA",NA,0,NA,NA,NA,NA
"1026","L13_90","12/8/20","3D6.1D59592D82",109,13.7,1368,NA,8,"EC","jeff","3D6.1D59592D82","4/22/21",164,46.4,"Parr",1,8,"JA","3D6.1D59592D82",1,"5/5/21",34,161,1
"1029","L13_19","12/8/20","3D6.1D5958634F",133,24.5,1371,NA,8,"EC","jeff","3D6.1D5958634F","4/22/21",190,74.1,"Parr",1,8,"AM",NA,0,NA,NA,NA,NA
"1030","L13_27","12/8/20","3D6.1D595915BA",97,10.3,1372,NA,8,"EC","jeff","3D6.1D595915BA","4/22/21",153,43,"Parr",1,8,"JA","3D6.1D595915BA",1,"5/6/21",34,151,0
"1031","L13_35","12/8/20","3D6.1D5959137E",120,18.7,1373,NA,8,"EC","jeff","3D6.1D5959137E","4/22/21",188,77.7,"Parr",1,8,"AM",NA,0,NA,NA,NA,NA
"1033","L13_51","12/8/20","3D6.1D5959151E",135,27.5,1375,NA,8,"EC","jeff","3D6.1D5959151E","4/22/21",222,125.2,"Smolt",3,8,"JA",NA,0,NA,NA,NA,NA
"1034","L13_59","12/8/20","3D6.1D59587C71",123,20.9,1376,NA,8,"EC","jeff","3D6.1D59587C71","4/22/21",181,65.2,"Parr",1,8,"JA",NA,0,NA,NA,NA,NA
"1035","L13_67","12/8/20","3D6.1D5958A6BF",132,24.7,1377,NA,8,"EC","jeff","3D6.1D5958A6BF","4/22/21",214,110.9,"Smolt",3,8,"JA",NA,0,NA,NA,NA,NA
"1036","L13_75","12/8/20","3D6.1D59589C62",116,17.1,1378,NA,8,"EC","jeff","3D6.1D59589C62","4/22/21",203,90.8,"Smolt",3,8,"JA",NA,0,NA,NA,NA,NA
"1039","L13_4","12/8/20","3D6.1D594D7B0A",119,18.2,1381,NA,8,"EC","jeff","3D6.1D594D7B0A","4/22/21",185,74.8,"Smolt",3,8,"JA",NA,0,NA,NA,NA,NA
"1040","L13_12","12/8/20","3D6.1D595905DE",119,18.3,1382,NA,8,"EC","jeff","3D6.1D595905DE","4/22/21",193,80.4,"Smolt",3,8,"JA","3D6.1D595905DE",1,"5/8/21",34,188,0
"1042","L13_28","12/8/20","3D6.1D595928BC",111,14.5,1384,NA,8,"EC","jeff","3D6.1D595928BC","4/22/21",162,50.7,"Parr",1,8,"AM","3D6.1D595928BC",1,"5/7/21",35,164,0
"1043","L13_36","12/8/20","3D6.1D594D7777",101,11.9,1385,NA,8,"EC","jeff","3D6.1D594D7777","4/22/21",164,50.2,"Parr",1,8,"AM","3D6.1D594D7777",1,"5/6/21",34,163,0
"1044","L13_44","12/8/20","3D6.1D59589544",91,8.1,1386,NA,8,"EC","jeff","3D6.1D59589544","4/22/21",129,24.2,"Parr",1,8,"AM","3D6.1D59589544",1,"5/6/21",35,131,0
"1045","L13_52","12/8/20","3D6.1D59591BD3",87,7.4,1387,NA,8,"EC","jeff","3D6.1D59591BD3","4/22/21",129,23.7,"Parr",1,8,"JA","3D6.1D59591BD3",1,"5/4/21",34,127,1
"1047","L13_68","12/8/20","3D6.1D59592173",123,20.5,1389,NA,8,"EC","jeff","3D6.1D59592173","4/22/21",187,72.4,"Parr",1,8,"AM","3D6.1D59592173",1,"5/8/21",34,185,0
"1053","L13_21","12/8/20","3D6.1D59588733",133,24.1,1395,NA,8,"EC","jeff","3D6.1D59588733","4/22/21",210,105.9,"Smolt",3,8,"AM",NA,0,NA,NA,NA,NA
"1056","L13_45","12/8/20","3D6.1D594D8371",104,12.4,1398,NA,8,"EC","jeff","3D6.1D594D8371","4/22/21",180,63.5,"Parr",1,8,"AM","3D6.1D594D8371",1,"5/12/21",34,175,0
"1061","L13_85","12/8/20","3D6.1D59587C14",109,14.3,1403,NA,8,"EC","jeff","3D6.1D59587C14","4/22/21",171,57.4,"Parr",1,8,"AM","3D6.1D59587C14",1,"5/6/21",34,168,0
"1064","L13_14","12/8/20","3D6.1D59592DEF",118,16.8,1406,NA,8,"EC","jeff","3D6.1D59592DEF","4/22/21",201,87,"Smolt",3,8,"AM","3D6.1D59592DEF",1,"5/12/21",35,197,0
"1069","L13_54","12/8/20","3D6.1D59538B1A",122,20.6,1411,NA,8,"EC","jeff","3D6.1D59538B1A","4/22/21",188,74,"Smolt",3,8,"AM","3D6.1D59538B1A",1,"5/8/21",35,186,0
"1074","L13_7","12/8/20","3D6.1D595911C4",139,29.2,1417,NA,8,"EC","jeff","3D6.1D595911C4","4/22/21",222,125,"Smolt",3,8,"JA",NA,0,NA,NA,NA,NA
"1079","L13_55","12/8/20","3D6.1D5958FD88",111,14.7,1423,NA,8,"EC","jeff","3D6.1D5958FD88","4/22/21",181,64.1,"Parr",1,8,"AM","3D6.1D5958FD88",1,"5/6/21",35,179,0
"1080","L13_63","12/8/20","3D6.1D5958AD8A",124,22.4,1424,NA,8,"EC","jeff","3D6.1D5958AD8A","4/22/21",196,85.7,"Smolt",3,8,"JA",NA,0,NA,NA,NA,NA
"1082","L13_79","12/8/20","3D6.1D5959260B",91,8.9,1426,NA,8,"EC","jeff","3D6.1D5959260B","4/22/21",154,45.1,"Parr",1,8,"JA",NA,0,NA,NA,NA,NA
"1084","L13_8","12/8/20","3D6.1D595922A3",105,12.6,1429,NA,3,"LC","jeff","3D6.1D595922A3","4/21/21",193,76.8,"Smolt",3,3,"JA",NA,0,NA,NA,NA,NA
"1086","L13_24","12/8/20","3D6.1D5958A16F",96,9,1431,NA,3,"LC","jeff","3D6.1D5958A16F","4/21/21",177,57.2,"Parr",1,3,"JA","3D6.1D5958A16F",1,"5/5/21",34,174,1
"1091","L13_64","12/8/20","3D6.1D594D82F1",71,3.4,1436,NA,3,"LC","jeff","3D6.1D594D82F1","4/21/21",80,5.6,"Parr",1,3,"JA",NA,0,NA,NA,NA,NA
"1092","L13_72","12/8/20","3D6.1D59591E2B",77,4.8,1437,NA,3,"LC","jeff","3D6.1D59591E2B","4/21/21",137,29.3,"Parr",1,3,"JA","3D6.1D59591E2B",1,"5/5/21",34,138,1
"1094","L13_88","12/8/20","3D6.1D5958B0A3",79,5.5,1439,NA,3,"LC","jeff","3D6.1D5958B0A3","4/21/21",141,28.6,"Parr",1,3,"JA","3D6.1D5958B0A3",1,"5/5/21",34,140,1
"1096","L14_1","12/8/20","3D6.1D595889F5",107,13.7,1441,NA,3,"LC","jeff","3D6.1D595889F5","4/21/21",199,92.8,"Smolt",3,3,"JA","3D6.1D595889F5",1,"5/7/21",34,196,0
"1097","L14_9","12/8/20","3D6.1D5959329E",100,12.4,1442,NA,3,"LC","jeff","3D6.1D5959329E","4/21/21",178,75.2,"Smolt",3,3,"JA",NA,0,NA,NA,NA,NA
"1098","L14_17","12/8/20","3D6.1D59588931",118,18.2,1443,NA,3,"LC","jeff","3D6.1D59588931","4/21/21",212,100,"Smolt",3,3,"JA","3D6.1D59588931",1,"5/8/21",34,204,0
"1099","L14_25","12/8/20","3D6.1D595924E4",88,7.5,1444,NA,3,"LC","jeff","3D6.1D595924E4","4/21/21",156,2,"Parr",1,3,"JA",NA,0,NA,NA,NA,NA
"1101","L14_41","12/8/20","3D6.1D594D74C0",84,6.8,1446,NA,3,"LC","jeff","3D6.1D594D74C0","4/21/21",143,31.9,"Parr",1,3,"JA","3D6.1D594D74C0",1,"5/7/21",34,140,0
"1102","L14_49","12/8/20","3D6.1D595904B1",83,5.6,1447,NA,3,"LC","jeff","3D6.1D595904B1","4/21/21",140,25,"Parr",1,3,"JA","3D6.1D595904B1",1,"5/5/21",35,136,1
"1105","L14_81","12/8/20","3D6.1D595929B8",104,11.7,1451,NA,3,"LC","jeff","3D6.1D595929B8","4/21/21",203,88.5,"Smolt",3,3,"JA","3D6.1D595929B8",1,"5/6/21",35,198,0
"1112","L14_50","12/8/20","3D6.1D594D6CA7",108,14.5,1459,NA,3,"LC","jeff","3D6.1D594D6CA7","4/21/21",203,92.5,"Smolt",3,3,"JA",NA,0,NA,NA,NA,NA
"1115","L14_74","12/8/20","3D6.1D595851B2",108,13.7,1462,NA,3,"LC","jeff","3D6.1D595851B2","4/21/21",201,88.2,"Smolt",3,3,"JA",NA,0,NA,NA,NA,NA
"1119","L14_11","12/8/20","3D6.1D595923BC",92,8.7,1466,NA,3,"LC","jeff","3D6.1D595923BC","4/21/21",154,40.4,"Parr",1,3,"JA",NA,0,NA,NA,NA,NA
"1122","L14_35","12/8/20","3D6.1D5959245A",73,4.5,1469,NA,3,"LC","jeff","3D6.1D5959245A","4/21/21",111,15.1,"Parr",1,3,"JA","3D6.1D5959245A",1,"5/4/21",35,107,1
"1127","L14_75","12/8/20","3D6.1D595882C1",118,17.6,1474,NA,3,"LC","jeff","3D6.1D595882C1","4/21/21",211,99.2,"Smolt",3,3,"JA",NA,0,NA,NA,NA,NA
"1130","L14_4","12/8/20","3D6.1D5959062A",81,6.3,1477,NA,3,"LC","jeff","3D6.1D5959062A","4/21/21",151,34.7,"Parr",1,3,"JA","3D6.1D5959062A",1,"5/6/21",34,150,0
"1131","L14_12","12/8/20","3D6.1D595918A1",74,5.1,1478,NA,3,"LC","jeff","3D6.1D595918A1","4/21/21",111,16.1,"Parr",1,3,"JA","3D6.1D595918A1",1,"5/4/21",34,106,1
"1132","L14_20","12/8/20","3D6.1D59592849",86,7.3,1479,NA,3,"LC","jeff","3D6.1D59592849","4/21/21",145,33.9,"Parr",1,3,"JA","3D6.1D59592849",1,"5/6/21",34,150,0
"1134","L14_36","12/8/20","3D6.1D595883EA",111,14.9,1481,NA,3,"LC","jeff","3D6.1D595883EA","4/21/21",199,83.2,"Smolt",3,3,"JA",NA,0,NA,NA,NA,NA
"1135","L14_44","12/8/20","3D6.1D59591405",100,5.7,1482,NA,3,"LC","jeff","3D6.1D59591405","4/21/21",145,33.8,"Parr",1,3,"JA",NA,0,NA,NA,NA,NA
"1137","L14_60","12/8/20","3D6.1D59589F22",119,18.4,1484,NA,3,"LC","jeff","3D6.1D59589F22","4/21/21",219,107.7,"Smolt",3,3,"JA",NA,0,NA,NA,NA,NA
"1138","L14_68","12/8/20","3D6.1D5959126A",115,16.6,1485,NA,3,"LC","jeff","3D6.1D5959126A","4/21/21",215,106.9,"Smolt",3,3,"JA",NA,0,NA,NA,NA,NA
"1139","L14_76","12/8/20","3D6.1D5958B42F",104,13.3,1486,NA,3,"LC","jeff","3D6.1D5958B42F","4/21/21",205,100.5,"Smolt",3,3,"JA","3D6.1D5958B42F",1,"5/8/21",35,194,0
"1141","L14_92","12/8/20","3D6.1D59586C04",102,12.4,1488,NA,3,"LC","jeff","3D6.1D59586C04","4/21/21",192,80.6,"Parr",1,3,"JA",NA,0,NA,NA,NA,NA
"1150","L14_69","12/8/20","3D6.1D595928D1",87,7.9,1497,NA,3,"LC","jeff","3D6.1D595928D1","4/21/21",163,46.1,"Parr",1,3,"JA","3D6.1D595928D1",1,"5/10/21",34,156,0
"1153","L14_93","12/8/20","3D6.1D59592DEA",87,8,1500,NA,3,"LC","jeff","3D6.1D59592DEA","4/21/21",154,43.1,"Parr",1,3,"JA",NA,0,NA,NA,NA,NA
"1154","L14_6","12/8/20","3D6.1D59591E3A",93,9.1,1501,NA,3,"LC","jeff","3D6.1D59591E3A","4/21/21",187,71.3,"Smolt",3,3,"JA","3D6.1D59591E3A",1,"5/8/21",35,182,0
"1157","L14_30","12/8/20","3D6.1D59587E54",104,14.5,1504,NA,3,"LC","jeff","3D6.1D59587E54","4/21/21",193,81,"Smolt",3,3,"JA",NA,0,NA,NA,NA,NA
"1158","L14_38","12/8/20","3D6.1D5953928E",96,9.4,1505,NA,3,"LC","jeff","3D6.1D5953928E","4/21/21",182,64,"Parr",1,3,"JA",NA,0,NA,NA,NA,NA
"1159","L14_46","12/8/20","3D6.1D59538730",98,11,1506,NA,3,"LC","jeff","3D6.1D59538730","4/21/21",169,53.4,"Parr",1,3,"JA",NA,0,NA,NA,NA,NA
"1162","L14_78","12/8/20","3D6.1D59539290",80,5.8,1510,NA,3,"LC","jeff","3D6.1D59539290","4/21/21",141,30.5,"Parr",1,3,"JA","3D6.1D59539290",1,"5/5/21",35,143,1
"1170","L14_79","12/8/20","3D6.1D5958B511",109,14.3,1522,NA,3,"LC","jeff","3D6.1D5958B511","4/21/21",200,91.5,"Smolt",3,3,"JA",NA,0,NA,NA,NA,NA
"1171","L14_87","12/8/20","3D6.1D594D8814",112,14.6,1523,NA,3,"LC","jeff","3D6.1D594D8814","4/21/21",207,104.7,"Smolt",3,3,"JA",NA,0,NA,NA,NA,NA
"1172","L14_8","12/8/20","3D6.1D594D8B19",118,18.8,1525,NA,3,"LC","jeff","3D6.1D594D8B19","4/21/21",194,86.3,"Smolt",3,3,"JA","3D6.1D594D8B19",1,"5/13/21",35,188,0
"1173","L14_24","12/8/20","3D6.1D5958AEAB",95,10,1527,NA,3,"LC","jeff","3D6.1D5958AEAB","4/21/21",136,27.3,"Parr",1,3,"JA",NA,0,NA,NA,NA,NA
"1177","L14_64","12/8/20","3D6.1D59592780",90,8.1,1532,NA,7,"LC","jeff","3D6.1D59592780","4/20/21",161,44.7,"Parr",1,7,"AM","3D6.1D59592780",1,"5/6/21",34,158,0
"1181","L14_96","12/8/20","3D6.1D595922D4",109,15,1536,NA,7,"LC","jeff","3D6.1D595922D4","4/20/21",196,90.5,"Smolt",3,7,"AM",NA,0,NA,NA,NA,NA
"1183","L15_9","12/8/20","3D6.1D59585A06",77,4.7,1538,NA,7,"LC","jeff","3D6.1D59585A06","4/20/21",145,32.5,"Parr",1,7,"JA","3D6.1D59585A06",1,"5/8/21",34,150,0
"1184","L15_17","12/8/20","3D6.1D59591D32",116,17.4,1539,NA,7,"LC","jeff","3D6.1D59591D32","4/20/21",212,100,"Smolt",3,7,"JA",NA,0,NA,NA,NA,NA
"1186","L15_33","12/8/20","3D6.1D59592939",106,13.2,1541,NA,7,"LC","jeff","3D6.1D59592939","4/20/21",187,71.1,"Parr",1,7,"AM",NA,0,NA,NA,NA,NA
"1193","L15_89","12/8/20","3D6.1D5958A907",122,19,1548,NA,7,"LC","jeff","3D6.1D5958A907","4/20/21",209,96.3,"Smolt",3,7,"JA",NA,0,NA,NA,NA,NA
"1194","L15_2","12/8/20","3D6.1D59589F9A",96,9.6,1549,NA,7,"LC","jeff","3D6.1D59589F9A","4/20/21",170,54.4,"Parr",1,7,"JA","3D6.1D59589F9A",1,"5/7/21",34,170,0
"1195","L15_10","12/8/20","3D6.1D59589F83",105,12.6,1550,NA,7,"LC","jeff","3D6.1D59589F83","4/20/21",201,90.3,"Smolt",3,7,"JA",NA,0,NA,NA,NA,NA
"1196","L15_18","12/8/20","3D6.1D59591FCF",90,8.4,1551,NA,7,"LC","jeff","3D6.1D59591FCF","4/20/21",174,60.8,"Smolt",3,7,"AM",NA,0,NA,NA,NA,NA
"1197","L15_26","12/8/20","3D6.1D59588261",115,15.8,1552,NA,7,"LC","jeff","3D6.1D59588261","4/20/21",205,94.2,"Smolt",3,7,"AM",NA,0,NA,NA,NA,NA
"1199","L15_42","12/8/20","3D6.1D59585A40",110,15.6,1554,NA,7,"LC","jeff","3D6.1D59585A40","4/20/21",200,87.8,"Smolt",3,7,"JA","3D6.1D59585A40",1,"5/10/21",34,193,0
"1208","L15_19","12/8/20","3D6.1D594D772E",103,12,1563,NA,7,"LC","jeff","3D6.1D594D772E","4/20/21",201,91.3,"Smolt",3,7,"AM","3D6.1D594D772E",1,"5/10/21",35,190,0
"1209","L15_27","12/8/20","3D6.1D59592E36",108,13.4,1564,NA,7,"LC","jeff","3D6.1D59592E36","4/20/21",113,87.6,"Smolt",3,7,"JA","3D6.1D59592E36",1,"5/10/21",34,192,0
"1219","L15_12","12/8/20","3D6.1D59586C1E",75,4.8,1574,NA,7,"LC","jeff","3D6.1D59586C1E","4/20/21",121,18.8,"Parr",1,7,"AM","3D6.1D59586C1E",1,"5/6/21",34,124,0
"1222","L15_36","12/8/20","3D6.1D59591593",95,9,1577,NA,7,"LC","jeff","3D6.1D59591593","4/20/21",176,57.8,"Smolt",3,7,"JA",NA,0,NA,NA,NA,NA
"1231","L15_13","12/8/20","3D6.1D5958A88F",81,5.8,1586,NA,7,"LC","jeff","3D6.1D5958A88F","4/20/21",135,26.3,"Parr",1,7,"AM","3D6.1D5958A88F",1,"5/8/21",35,140,0
"1233","L15_29","12/8/20","3D6.1D59587A6A",106,13.2,1588,NA,7,"LC","jeff","3D6.1D59587A6A","4/20/21",187,80.4,"Smolt",3,7,"JA",NA,0,NA,NA,NA,NA
"1237","L15_61","12/8/20","3D6.1D5958A6AD",95,8.9,1592,NA,7,"LC","jeff","3D6.1D5958A6AD","4/20/21",186,69.3,"Smolt",3,7,"AM","3D6.1D5958A6AD",1,"5/8/21",35,181,0
"1240","L15_85","12/8/20","3D6.1D59591D91",116,17.4,1595,NA,7,"LC","jeff","3D6.1D59591D91","4/20/21",206,96.9,"Smolt",3,7,"JA",NA,0,NA,NA,NA,NA
"1242","L15_6","12/8/20","3D6.1D59586A2B",80,5.5,1597,NA,7,"LC","jeff","3D6.1D59586A2B","4/20/21",135,27.1,"Parr",1,7,"AM","3D6.1D59586A2B",1,"5/5/21",35,141,1
"1245","L15_46","12/8/20","3D6.1D59591D18",106,12.2,1602,NA,7,"LC","jeff","3D6.1D59591D18","4/20/21",179,60.6,"Parr",1,7,"AM",NA,0,NA,NA,NA,NA
"1246","L15_62","12/8/20","3D6.1D5958AC75",80,5.9,1604,NA,7,"LC","jeff","3D6.1D5958AC75","4/20/21",140,30.1,"Smolt",3,7,"AM",NA,0,NA,NA,NA,NA
"1251","L15_23","12/8/20","3D6.1D595928A6",87,7.6,1611,NA,7,"LC","jeff","3D6.1D595928A6","4/20/21",169,55.6,"Parr",1,7,"AM","3D6.1D595928A6",1,"5/6/21",35,169,0
"1252","L15_39","12/8/20","3D6.1D59585D7A",121,19.6,1613,NA,7,"LC","jeff","3D6.1D59585D7A","4/20/21",208,101.7,"Smolt",3,7,"AM",NA,0,NA,NA,NA,NA
"1254","L15_55","12/8/20","3D6.1D59588763",85,7.3,1615,NA,7,"LC","jeff","3D6.1D59588763","4/20/21",121,20,"Parr",1,7,"AM","3D6.1D59588763",1,"5/5/21",34,124,1
"12",NA,"2020-12-07T00:00:00Z","3D6.1D5958A332",108,13.5,1223,NA,9,"EC","jeff","3D6.1D5958A332","2021-04-22T00:00:00Z",186,78.9,"Parr",1,9,"AM",NA,0,NA,NA,NA,0
"42",NA,"2020-12-08T00:00:00Z","3D6.1D59586862",84,7.2,1358,NA,8,"EC","jeff","3D6.1D59586862","2021-04-22T00:00:00Z",147,37.1,"Parr",1,8,"JA","3D6.1D59586862",1,"2021-05-12T00:00:00Z",35,141,0
"55",NA,"2020-12-08T00:00:00Z","3D6.1D594D8ACA",79,5.2,1322,NA,8,"EC","jeff","3D6.1D594D8ACA","2021-04-22T00:00:00Z",109,15.2,"Parr",1,8,"AM","3D6.1D594D8ACA",1,"2021-05-04T00:00:00Z",34,109,1
"58",NA,"2020-12-08T00:00:00Z","3D6.1D59588F06",97,9.6,1415,NA,8,"EC","jeff","3D6.1D59588F06","2021-04-22T00:00:00Z",152,38.6,"Parr",1,8,"JA","3D6.1D59588F06",1,"2021-05-04T00:00:00Z",35,146,1
"69",NA,"2020-12-08T00:00:00Z","3D6.1D5959240B",90,7.7,1603,NA,7,"LC","jeff","3D6.1D5959240B","2021-04-20T00:00:00Z",170,50.6,"Parr",1,7,"AM",NA,0,NA,NA,NA,0
"74",NA,"2020-12-08T00:00:00Z","3D6.1D59591D25",90,8.6,372,NA,3,"LC","chris","3D6.1D59591D25","2021-04-21T00:00:00Z",156,40.3,"Parr",1,3,"JA",NA,0,NA,NA,NA,0
"113",NA,"2020-12-08T00:00:00Z","3D6.1D5958ADCF",76,4.9,524,NA,7,"LC","chris","3D6.1D5958ADCF","2021-04-20T00:00:00Z",146,33.9,"Parr",1,7,"AM","3D6.1D5958ADCF",1,"2021-05-06T00:00:00Z",34,145,0
"148",NA,"2020-12-08T00:00:00Z","3D6.1D59539245",122,19.3,1319,NA,8,"EC","jeff","3D6.1D59539245","2021-04-22T00:00:00Z",195,79,"Smolt",3,8,"JA",NA,0,NA,NA,NA,0
"1681",NA,"2020-12-08T00:00:00Z","3D6.1D594D85A0",127,22.8,1324,NA,8,"EC","jeff","3D6.1D594D85A0","2021-04-22T00:00:00Z",195,85,"Smolt",3,8,"JA","3D6.1D594D85A0",1,"2021-05-06T00:00:00Z",34,193,0
"198",NA,"2020-12-08T00:00:00Z","3D6.1D5958A2D7",116,17.6,1607,NA,7,"LC","jeff","3D6.1D5958A2D7","2021-04-20T00:00:00Z",200,84.2,"Smolt",3,7,"JA",NA,0,NA,NA,NA,0
"2081",NA,"2020-12-08T00:00:00Z","3D6.1D59538AB7",109,14.7,1507,NA,3,"LC","jeff","3D6.1D59538AB7","2021-04-21T00:00:00Z",197,89.4,"Smolt",3,3,"JA",NA,0,NA,NA,NA,0
"232",NA,"2020-12-08T00:00:00Z","3D6.1D59591F1B",108,13.4,1514,NA,3,"LC","jeff","3D6.1D59591F1B","2021-04-21T00:00:00Z",191,75.7,"Smolt",3,3,"JA","3D6.1D59591F1B",1,"2021-05-10T00:00:00Z",35,188,0
"239",NA,"2020-12-08T00:00:00Z","3D6.1D5958A7B3",87,7.1,547,NA,7,"LC","chris","3D6.1D5958A7B3","2021-04-20T00:00:00Z",150,38.3,"Smolt",3,7,"AM","3D6.1D5958A7B3",1,"2021-05-10T00:00:00Z",34,146,0
